date,high,low,close,open,volume,highPct,lowPct,closePct,openPct,volumePct,sectorId,marketId,branchId
2019-02-28,10.58,10,10.5,10.5,28092,0.7619047619047636,3.0927835051546504,8.247422680412386,0,85.92891653981071,1,3,75
2019-02-27,10.5,10.04,10.5,10.04,14519,-0.7561436672967825,0.40000000000000036,0,-4.380952380952385,-48.31624661825431,1,3,75
2019-02-26,10.58,9.3,10.04,9.6,6341,0.7619047619047636,-7.370517928286835,-4.380952380952385,-4.3824701195219085,-56.3261932639989,1,3,75
2019-02-25,10.02,9.58,9.6,9.9,6624,-5.293005671077511,3.010752688172036,-4.3824701195219085,3.125,4.463018451348377,1,3,75
2019-02-22,10.78,9.11,9.89,9.11,22777,7.584830339321358,-4.906054279749483,3.0208333333333393,-7.979797979797986,243.85567632850243,1,3,75
2019-02-21,11.5,9,9.36,9,20367,6.679035250463827,-1.207464324917662,-5.35894843276038,-1.207464324917662,-10.58084910216447,1,3,75
2019-02-20,9.03,8.5,9.03,8.6,6662,-21.478260869565226,-5.555555555555558,-3.525641025641024,-4.444444444444451,-67.29022438257965,1,3,75
2019-02-19,9.21,8.7,9,9.21,13002,1.9933554817275878,2.35294117647058,-0.33222591362125353,7.093023255813957,95.16661663164214,1,3,75
2019-02-18,9.7,8.8,9.2,9,8823,5.320304017372401,1.1494252873563315,2.2222222222222143,-2.2801302931596212,-32.14120904476234,1,3,75
2019-02-15,9.1,8.8,9.1,9.06,16851,-6.185567010309279,0,-1.0869565217391242,0.6666666666666821,90.98945936756206,1,3,75
2019-02-14,9.08,8.9,9.06,9.01,1700,-0.219780219780219,1.1363636363636243,-0.4395604395604269,-0.551876379690952,-89.91157794789628,1,3,75
2019-02-13,9.05,9.03,9.05,9.03,710,-0.3303964757709221,1.4606741573033544,-0.11037527593819041,0.2219755826859071,-58.23529411764705,1,3,75
2019-02-12,9.32,9.02,9.02,9.1,6191,2.9834254143646266,-0.11074197120708451,-0.33149171270719924,0.7751937984496138,771.9718309859155,1,3,75
2019-02-11,9.41,9.3,9.3,9.41,2031,0.965665236051505,3.10421286031044,3.10421286031044,3.4065934065934167,-67.19431432724923,1,3,75
2019-02-08,9.4,9.39,9.4,9.4,10075,-0.10626992561104665,0.967741935483879,1.0752688172043001,-0.10626992561104665,396.0610536681438,1,3,75
2019-02-07,9.41,9,9.4,9,10930,0.10638297872340718,-4.1533546325878685,0,-4.255319148936176,8.486352357320094,1,3,75
2019-02-06,9.04,9,9,9.01,1177,-3.931987247608937,0,-4.255319148936176,0.11111111111110628,-89.23147301006405,1,3,75
2019-02-05,9.18,8.99,9,9.15,1154,1.5486725663716783,-0.11111111111110628,0,1.5538290788013276,-1.954120645709434,1,3,75
2019-02-04,9.21,8.5,9.16,9.17,4706,0.3267973856209361,-5.450500556173532,1.7777777777777892,0.21857923497268228,307.79896013864817,1,3,75
2019-02-01,9.16,8.6,9.16,9.01,6982,-0.5428881650380135,1.17647058823529,0,-1.7448200654307522,48.363790905227376,1,3,75
2019-01-31,9.1,8.8,9.1,9.06,5341,-0.6550218340611424,2.3255813953488413,-0.6550218340611424,0.5549389567147678,-23.503294185047263,1,3,75
2019-01-30,9.08,8.92,9.07,9.06,5514,-0.219780219780219,1.3636363636363447,-0.3296703296703174,0,3.239093802658677,1,3,75
2019-01-29,9.39,8.9,9.06,9.2,83384,3.4140969162995694,-0.22421524663677195,-0.11025358324144863,1.5452538631346435,1412.2234312658686,1,3,75
2019-01-28,9.74,8.91,9.4,9.74,19321,3.727369542066028,0.11235955056179137,3.7527593818984517,5.869565217391304,-76.82888803607406,1,3,75
2019-01-25,9.99,9.3,9.74,9.99,3846,2.566735112936347,4.3771043771043905,3.6170212765957332,2.566735112936347,-80.09419802287667,1,3,75
2019-01-24,9.99,9.3,9.99,9.5,483,0,0,2.566735112936347,-4.904904904904905,-87.4414976599064,1,3,75
2019-01-23,9.69,9.5,9.55,9.5,10281,-3.003003003003013,2.1505376344086002,-4.404404404404394,0,2028.5714285714284,1,3,75
2019-01-22,10.02,9.55,9.7,10.02,18677,3.4055727554179516,0.5263157894736858,1.5706806282722363,5.4736842105263195,81.66520766462406,1,3,75
2019-01-21,10.02,9.31,10.02,9.31,13139,0,-2.5130890052356025,3.298969072164959,-7.085828343313361,-29.651442951223427,1,3,75
2019-01-18,9.99,9.02,9.98,9.02,15509,-0.29940119760478723,-3.1149301825993625,-0.39920159680637557,-3.1149301825993625,18.037902427886454,1,3,75
2019-01-17,10,9.5,9.99,9.5,1193,0.10010010010010895,5.3215077605321515,0.10020040080160886,5.3215077605321515,-92.3076923076923,1,3,75
2019-01-16,10,9.5,10,9.76,7441,0,0,0.10010010010010895,2.7368421052631486,523.7217099748533,1,3,75
2019-01-15,10.3,9.8,9.8,10.3,382,3.0000000000000027,3.157894736842115,-1.9999999999999907,5.532786885245922,-94.86628141378847,1,3,75
2019-01-14,10.32,10.1,10.3,10.3,8791,0.19417475728154,3.0612244897959107,5.102040816326525,0,2201.30890052356,1,3,75
2019-01-11,10.3,10.16,10.3,10.18,787,-0.19379844961240345,0.5940594059405946,0,-1.1650485436893288,-91.04766238198158,1,3,75
2019-01-10,10.5,10.16,10.26,10.16,1015,1.9417475728155331,0,-0.3883495145631133,-0.19646365422396617,28.970775095298595,1,3,75
2019-01-09,10.16,9.5,10.16,9.51,15856,-3.23809523809524,-6.496062992125983,-0.9746588693957059,-6.397637795275591,1462.167487684729,1,3,75
2019-01-08,10.12,9.76,10.12,10.12,13291,-0.3937007874015852,2.7368421052631486,-0.3937007874015852,6.414300736067302,-16.17684157416751,1,3,75
2019-01-07,10.1,9.6,10.1,9.98,6244,-0.19762845849802257,-1.6393442622950838,-0.19762845849802257,-1.383399209486158,-53.02084117071703,1,3,75
2019-01-04,9.98,9.07,9.97,9.07,6365,-1.188118811881178,-5.52083333333333,-1.2871287128712772,-9.118236472945895,1.9378603459320853,1,3,75
2019-01-03,9.36,9,9.36,9,2556,-6.212424849699405,-0.7717750826901959,-6.118355065195602,-0.7717750826901959,-59.84289080911233,1,3,75
2019-01-02,9.47,9.03,9.35,9.21,1696,1.1752136752136932,0.3333333333333188,-0.10683760683760646,2.333333333333343,-33.64632237871674,1,3,75
2018-12-28,9.11,8.81,8.93,8.81,19428,-3.801478352692722,-2.4363233665559147,-4.491978609625669,-4.343105320304019,1045.5188679245284,1,3,75
2018-12-27,9.31,8.81,8.81,8.82,13386,2.1953896816685026,0,-1.3437849944008873,0.11350737797957144,-31.099444101297102,1,3,75
2018-12-21,9.33,8.99,9.31,9.09,4903,0.21482277121374072,2.0431328036322416,5.675368898978439,3.0612244897959107,-63.37217988943673,1,3,75
2018-12-20,9.32,9.29,9.32,9.3,3020,-0.1071811361200381,3.3370411568409253,0.10741138560688146,2.310231023102327,-38.40505812767693,1,3,75
2018-12-19,9.5,9,9.3,9.38,6454,1.93133047210301,-3.1216361679224924,-0.21459227467810482,0.8602150537634357,113.7086092715232,1,3,75
2018-12-18,9.37,8.62,9.01,8.62,17971,-1.3684210526315854,-4.222222222222227,-3.1182795698924792,-8.102345415778267,178.44747443445925,1,3,75
2018-12-17,9.7,8.83,9,9.7,16193,3.521878335112061,2.436194895591659,-0.11098779134295356,12.529002320185612,-9.893717656223922,1,3,75
2018-12-14,10.4,8.58,9.7,8.98,26338,7.2164948453608435,-2.8312570781426905,7.777777777777772,-7.422680412371118,62.65052800592849,1,3,75
2018-12-13,9.11,8.62,9.1,8.62,4188,-12.403846153846166,0.4662004662004504,-6.185567010309279,-4.008908685968837,-84.09902042675982,1,3,75
2018-12-12,9.09,8.52,9.09,8.76,6573,-0.2195389681668436,-1.1600928074245953,-0.1098901098901095,1.6241299303944468,56.9484240687679,1,3,75
2018-12-11,9.23,8.73,9,8.73,2183,1.5401540154015514,2.464788732394374,-0.990099009900991,-0.3424657534246478,-66.78837669253005,1,3,75
2018-12-10,9,8.7,9,9,1084,-2.4918743228602436,-0.3436426116838587,0,3.092783505154628,-50.34356390288593,1,3,75
2018-12-07,9.01,9,9.01,9.01,3171,0.11111111111110628,3.4482758620689724,0.11111111111110628,0.11111111111110628,192.52767527675277,1,3,75
2018-12-06,9.4,9,9,9,8695,4.328523862375144,0,-0.11098779134295356,-0.11098779134295356,174.2037212235888,1,3,75
2018-12-05,9.45,8.5,9,9,8596,0.5319148936170137,-5.555555555555558,0,0,-1.1385853939045454,1,3,75
2018-12-04,9.57,9.18,9.45,9.45,1446,1.2698412698412875,8.000000000000007,4.999999999999982,4.999999999999982,-83.17822242903677,1,3,75
2018-12-03,9.48,9.04,9.45,9.37,5452,-0.940438871473348,-1.5250544662309462,0,-0.846560846560851,277.04011065006915,1,3,75
2018-11-30,9.38,8.8,9.37,9.2,20733,-1.0548523206751037,-2.65486725663715,-0.846560846560851,-1.8143009605122717,280.28246515040354,1,3,75
2018-11-29,9.72,9.2,9.37,9.61,20889,3.6247334754797356,4.545454545454519,0,4.456521739130426,0.7524236724063105,1,3,75
2018-11-28,9.61,8.91,9.61,9.4,20914,-1.1316872427983626,-3.1521739130434656,2.5613660618996725,-2.185223725286156,0.11968021446695509,1,3,75
2018-11-27,9.6,8.81,9.49,9.05,8933,-0.10405827263266776,-1.122334455667784,-1.2486992715920797,-3.7234042553191404,-57.28698479487424,1,3,75
2018-11-26,9.71,8.8,9.01,9.71,2387,1.145833333333357,-0.11350737797957144,-5.057955742887255,7.292817679558006,-73.27885368857046,1,3,75
2018-11-23,9.75,9.2,9.67,9.69,7696,0.4119464469618972,4.545454545454519,7.325194228634846,-0.2059732234809597,222.41307080016756,1,3,75
2018-11-22,9.86,8.75,9.7,9.6,59999,1.1282051282051286,-4.891304347826075,0.31023784901758056,-0.9287925696594423,679.6127858627859,1,3,75
2018-11-21,9.89,9.04,9.59,9.89,10899,0.30425963488844854,3.314285714285714,-1.134020618556697,3.0208333333333393,-81.83469724495409,1,3,75
2018-11-20,9.98,9.2,9.89,9.21,13795,0.9100101112234471,1.7699115044247815,3.128258602711176,-6.875631951466121,26.571245068354887,1,3,75
2018-11-19,10.58,9.22,10,10.52,10170,6.012024048096198,0.21739130434783593,1.1122345803842304,14.22366992399564,-26.277636824936568,1,3,75
2018-11-16,10.82,10.5,10.5,10.72,3002,2.2684310018903586,13.88286334056399,5.000000000000004,1.9011406844106515,-70.4818092428712,1,3,75
2018-11-15,11.56,10.6,10.72,10.6,1817,6.839186691312382,0.952380952380949,2.0952380952381056,-1.1194029850746356,-39.473684210526315,1,3,75
2018-11-14,11.54,10.38,11,11.02,9534,-0.17301038062285112,-2.075471698113196,2.6119402985074647,3.9622641509434064,424.7110621904238,1,3,75
2018-11-13,11.8,11.5,11.6,11.5,487,2.253032928942811,10.789980732177252,5.454545454545445,4.355716878402904,-94.89196559681142,1,3,75
2018-11-12,11.94,11.8,11.8,11.94,559,1.186440677966094,2.60869565217392,1.7241379310344973,3.826086956521735,14.784394250513344,1,3,75
2018-11-09,12.08,11.8,11.94,12.08,1863,1.1725293132328396,0,1.186440677966094,1.1725293132328396,233.27370304114493,1,3,75
2018-11-08,12.6,11.8,11.8,12.6,12985,4.304635761589393,0,-1.1725293132328174,4.304635761589393,596.9940955448202,1,3,75
2018-11-07,12.5,12.3,12.5,12.32,1497,-0.7936507936507908,4.237288135593209,5.932203389830493,-2.2222222222222143,-88.47131305352329,1,3,75
2018-11-06,12.98,12.2,12.32,12.52,979,3.839999999999999,-0.8130081300813163,-1.4399999999999968,1.6233766233766156,-34.60253841015364,1,3,75
2018-11-05,13.5,12.32,12.52,13.5,6260,4.006163328197232,0.9836065573770592,1.6233766233766156,7.8274760383386655,539.4279877425945,1,3,75
2018-11-02,13.5,12.64,12.94,13.5,1570,0,2.5974025974025983,3.3546325878594185,0,-74.92012779552716,1,3,75
2018-11-01,13.38,12.62,13.38,12.62,72,-0.8888888888888835,-0.15822784810127777,3.400309119010836,-6.5185185185185235,-95.4140127388535,1,3,75
2018-10-31,13.5,12.34,13.38,13.5,1652,0.8968609865470878,-2.2187004754358086,0,6.973058637083995,2194.4444444444443,1,3,75
2018-10-30,14,12.2,12.82,12.9,19218,3.703703703703698,-1.1345218800648316,-4.185351270553072,-4.444444444444439,1063.317191283293,1,3,75
2018-10-29,12.9,12.28,12.34,12.28,3255,-7.857142857142851,0.6557377049180246,-3.7441497659906453,-4.806201550387601,-83.06275366843585,1,3,75
2018-10-26,13,12.9,12.9,12.94,2156,0.7751937984496138,5.048859934853422,4.538087520259326,5.374592833876224,-33.763440860215056,1,3,75
2018-10-25,13.5,12.92,13.3,12.92,1830,3.8461538461538547,0.15503875968991832,3.100775193798455,-0.1545595054095794,-15.120593692022267,1,3,75
2018-10-24,13.98,13.02,13.98,13.3,6306,3.5555555555555562,0.7739938080495223,5.112781954887224,2.941176470588247,244.59016393442622,1,3,75
2018-10-23,14,13.04,13.28,13.04,7571,0.14306151645206988,0.1536098310291889,-5.007153075822613,-1.9548872180451204,20.060260069774817,1,3,75
2018-10-22,13.98,12.6,13.04,12.6,5233,-0.14285714285714457,-3.3742331288343475,-1.8072289156626509,-3.3742331288343475,-30.880993263769653,1,3,75
2018-10-19,13.92,12.5,12.6,13.04,5138,-0.42918454935623185,-0.7936507936507908,-3.3742331288343475,3.4920634920634797,-1.815402254920695,1,3,75
2018-10-18,13.94,13,13.02,13.94,1963,0.1436781609195359,4.0000000000000036,3.3333333333333437,6.9018404907975395,-61.79447255741534,1,3,75
2018-10-17,14.24,13.02,14.14,13.9,3074,2.152080344332852,0.15384615384614886,8.602150537634422,-0.2869440459110417,56.597045338767195,1,3,75
2018-10-16,14.5,13.14,14,14.18,10187,1.8258426966292207,0.9216589861751334,-0.990099009900991,2.0143884892086295,231.39232270657124,1,3,75
2018-10-15,14.56,13.96,14.18,13.98,6050,0.41379310344829,6.240487062404876,1.28571428571429,-1.4104372355430161,-40.6105821144596,1,3,75
2018-10-12,14,13.1,14,13.66,3363,-3.8461538461538547,-6.160458452722073,-1.2693935119887145,-2.288984263233196,-44.41322314049587,1,3,75
2018-10-11,13.78,13,13.76,13.5,2699,-1.5714285714285792,-0.7633587786259555,-1.7142857142857126,-1.171303074670571,-19.744275944097534,1,3,75
2018-10-10,13.98,13.5,13.5,13.98,554,1.4513788098693858,3.8461538461538547,-1.8895348837209336,3.5555555555555562,-79.4738792145239,1,3,75
2018-10-09,14.2,12.7,14,12.7,874,1.573676680972813,-5.9259259259259345,3.703703703703698,-9.155937052932773,57.761732851985556,1,3,75
2018-10-08,14,13.32,13.5,13.44,1636,-1.4084507042253502,4.8818897637795455,-3.57142857142857,5.826771653543306,87.18535469107552,1,3,75
2018-10-05,14.04,13.42,13.42,14.04,1072,0.28571428571428914,0.7507507507507505,-0.592592592592589,4.464285714285721,-34.474327628361856,1,3,75
2018-10-04,14.24,14.04,14.04,14.24,344,1.4245014245014342,4.6199701937406745,4.6199701937406745,1.4245014245014342,-67.91044776119404,1,3,75
2018-10-03,14.48,14,14.24,14,949,1.6853932584269593,-0.2849002849002802,1.4245014245014342,-1.6853932584269704,175.8720930232558,1,3,75
2018-10-02,14.68,14,14,14.5,7821,1.3812154696132506,0,-1.6853932584269704,3.571428571428581,724.1306638566913,1,3,75
2018-10-01,14.88,14.16,14.16,14.88,967,1.3623978201634968,1.1428571428571344,1.1428571428571344,2.6206896551724146,-87.63585219281423,1,3,75
2018-09-28,14.14,14,14.14,14,340,-4.973118279569899,-1.1299435028248594,-0.14124293785310327,-5.913978494623661,-64.83971044467425,1,3,75
2018-09-27,14.46,13.48,14.22,14.46,12665,2.2630834512022746,-3.7142857142857144,0.5657708628005631,3.285714285714292,3625,1,3,75
2018-09-26,14.8,14.4,14.46,14.8,1928,2.3513139695712226,6.824925816023741,1.6877637130801704,2.3513139695712226,-84.7769443347809,1,3,75
2018-09-25,14.82,14.5,14.8,14.5,3718,0.13513513513512265,0.694444444444442,2.3513139695712226,-2.0270270270270285,92.84232365145229,1,3,75
2018-09-24,14.5,14.5,14.5,14.5,204,-2.1592442645074206,0,-2.0270270270270285,0,-94.51317912856373,1,3,75
2018-09-21,14.4,14.4,14.4,14.4,500,-0.6896551724137945,-0.6896551724137945,-0.6896551724137945,-0.6896551724137945,145.0980392156863,1,3,75
2018-09-20,14.7,14.4,14.4,14.7,2422,2.083333333333326,0,0,2.083333333333326,384.40000000000003,1,3,75
2018-09-19,14.5,14,14.5,14.38,1425,-1.3605442176870652,-2.777777777777779,0.694444444444442,-2.176870748299309,-41.16432700247729,1,3,75
2018-09-18,14.38,14.36,14.36,14.38,45,-0.8275862068965467,2.571428571428558,-0.96551724137931,0,-96.84210526315789,1,3,75
2018-09-17,14.84,13.84,14.48,14,6588,3.198887343532686,-3.6211699164345412,0.8356545961002881,-2.6425591098748313,14540,1,3,75
2018-09-14,14.8,14,14.5,14.5,7864,-0.26954177897573484,1.1560693641618602,0.13812154696133394,3.571428571428581,19.368548876745596,1,3,75
2018-09-13,14.9,14.12,14.12,14.44,9791,0.6756756756756799,0.8571428571428452,-2.6206896551724146,-0.4137931034482789,24.50406917599186,1,3,75
2018-09-12,14.22,13.32,14,13.32,3263,-4.563758389261741,-5.665722379603388,-0.8498583569405027,-7.756232686980602,-66.6734756408947,1,3,75
2018-09-11,14.54,13,14.22,13.8,4781,2.250351617440205,-2.4024024024024038,1.5714285714285792,3.603603603603611,46.52160588415568,1,3,75
2018-09-10,14.46,14.04,14.16,14.1,7300,-0.5502063273727487,7.999999999999985,-0.42194092827004814,2.1739130434782483,52.68772223384228,1,3,75
2018-09-07,14.6,14,14.06,14.5,13292,0.9681881051175623,-0.2849002849002802,-0.7062146892655385,2.8368794326241176,82.08219178082192,1,3,75
2018-09-06,14.92,14.02,14.32,14.92,1033,2.191780821917799,0.14285714285713347,1.849217638691325,2.8965517241379413,-92.2284080650015,1,3,75
2018-09-05,15.12,14.6,14.6,14.9,6614,1.3404825737265424,4.1369472182596345,1.9553072625698276,-0.13404825737265424,540.27105517909,1,3,75
2018-09-04,15.2,14.8,14.8,15.2,4878,0.5291005291005346,1.3698630136986356,1.3698630136986356,2.0134228187919323,-26.247354097369215,1,3,75
2018-09-03,15,14.5,15,14.7,3626,-1.3157894736842035,-2.0270270270270285,1.3513513513513375,-3.289473684210531,-25.66625666256662,1,3,75
2018-08-31,14.7,13.98,14.68,14.5,3994,-2.0000000000000018,-3.5862068965517246,-2.1333333333333315,-1.3605442176870652,10.14892443463873,1,3,75
2018-08-30,15.12,14.5,14.5,14.7,4610,2.857142857142847,3.719599427753928,-1.2261580381471404,1.379310344827589,15.423134702053076,1,3,75
2018-08-29,15.44,14.5,14.54,15.44,13411,2.1164021164021163,0,0.27586206896550447,5.034013605442178,190.9110629067245,1,3,75
2018-08-28,15.44,14.5,15.44,14.98,9487,0,0,6.1898211829436,-2.979274611398963,-29.25956304526135,1,3,75
2018-08-27,15.4,14.5,15.1,15.4,4917,-0.2590673575129432,0,-2.2020725388601003,2.8037383177569986,-48.17118161694951,1,3,75
2018-08-24,15.08,14.1,15.08,14.36,8612,-2.0779220779220786,-2.758620689655178,-0.13245033112582183,-6.7532467532467555,75.14744763066912,1,3,75
2018-08-23,14.7,14.36,14.36,14.7,3385,-2.5198938992042508,1.8439716312056653,-4.774535809018577,2.367688022284131,-60.69437993497445,1,3,75
2018-08-22,15,14.26,14.7,15,3459,2.0408163265306145,-0.696378830083566,2.367688022284131,2.0408163265306145,2.1861152141802176,1,3,75
2018-08-21,15.44,14,15.38,15.16,3766,2.933333333333321,-1.8232819074333828,4.625850340136073,1.0666666666666602,8.875397513732297,1,3,75
2018-08-20,15.2,15.16,15.2,15.16,638,-1.5544041450777257,8.285714285714295,-1.170351105331613,0,-83.05894848645778,1,3,75
2018-08-17,15.2,15.16,15.2,15.2,1595,0,0,0,0.26385224274405594,150,1,3,75
2018-08-16,15.7,15.6,15.6,15.7,18,3.289473684210531,2.902374670184704,2.6315789473684292,3.289473684210531,-98.87147335423198,1,3,75
2018-08-15,16,15.18,15.7,15.86,1990,1.9108280254777066,-2.692307692307694,0.6410256410256387,1.0191082802547768,10955.555555555557,1,3,75
2018-08-14,15.76,15.16,15.3,15.16,227,-1.5000000000000013,-0.13175230566534468,-2.547770700636931,-4.41361916771752,-88.5929648241206,1,3,75
2018-08-13,16,15.14,15.14,16,2420,1.522842639593902,-0.13192612137202797,-1.0457516339869244,5.54089709762533,966.079295154185,1,3,75
2018-08-10,15.6,14.66,15.4,15.6,452,-2.500000000000002,-3.1704095112285335,1.7173051519154603,-2.500000000000002,-81.32231404958678,1,3,75
2018-08-09,15.68,15.68,15.68,15.68,58,0.512820512820511,6.95770804911322,1.8181818181818077,0.512820512820511,-87.16814159292035,1,3,75
2018-08-08,15.68,15.02,15.68,15.3,1241,0,-4.2091836734693855,0,-2.423469387755095,2039.6551724137933,1,3,75
2018-08-07,16,15.26,15.98,15.26,7163,2.0408163265306145,1.5978695073235683,1.913265306122458,-0.2614379084967422,477.1958098307817,1,3,75
2018-08-06,16,15.26,15.84,15.48,5689,0,0,-0.8760951188986232,1.4416775884665833,-20.57797012424961,1,3,75
2018-08-03,15.48,15,15.48,15,5001,-3.2499999999999973,-1.7038007863695914,-2.2727272727272707,-3.100775193798455,-12.09351379855862,1,3,75
2018-08-02,15,15,15,15,21,-3.100775193798455,0,-3.100775193798455,0,-99.58008398320337,1,3,75
2018-08-01,16,14.6,14.64,15.18,4161,6.666666666666665,-2.6666666666666727,-2.399999999999991,1.200000000000001,19714.285714285714,1,3,75
2018-07-31,14.9,14.72,14.8,14.72,480,-6.874999999999998,0.8219178082191858,1.0928961748633892,-3.0303030303030276,-88.46431146359049,1,3,75
2018-07-30,15,14.5,14.7,15,5453,0.6711409395973034,-1.4945652173913082,-0.6756756756756799,1.9021739130434812,1036.0416666666667,1,3,75
2018-07-27,14.7,14.68,14.7,14.7,401,-2.0000000000000018,1.2413793103448256,0,-2.0000000000000018,-92.64624977076838,1,3,75
2018-07-26,14.8,14.6,14.6,14.8,1834,0.6802721088435382,-0.544959128065392,-0.6802721088435382,0.6802721088435382,357.35660847880297,1,3,75
2018-07-25,15.2,14.6,14.7,15.2,3055,2.7027027027026973,0,0.6849315068493178,2.7027027027026973,66.57579062159216,1,3,75
2018-07-24,15.36,15.2,15.2,15.36,1641,1.0526315789473717,4.109589041095885,3.401360544217691,1.0526315789473717,-46.2847790507365,1,3,75
2018-07-23,15.4,14.94,15.38,15.1,1814,0.26041666666667407,-1.7105263157894735,1.1842105263158098,-1.692708333333337,10.542352224253504,1,3,75
2018-07-20,15.4,14.5,15,14.5,3015,0,-2.9451137884872747,-2.4707412223667125,-3.9735099337748325,66.20727673649394,1,3,75
2018-07-19,15.1,14.52,15,15.1,2065,-1.9480519480519543,0.13793103448276334,0,4.137931034482767,-31.509121061359867,1,3,75
2018-07-18,15.12,14.2,15.1,14.7,4278,0.13245033112583293,-2.203856749311295,0.6666666666666599,-2.6490066225165587,107.16707021791767,1,3,75
2018-07-17,15,14.82,15,14.98,2994,-0.7936507936507908,4.366197183098608,-0.6622516556291314,1.9047619047619202,-30.0140252454418,1,3,75
2018-07-16,15.02,15,15,15,455,0.13333333333334085,1.2145748987854255,0,0.1335113484646211,-84.80293921175685,1,3,75
2018-07-13,15.6,15,15.04,15.02,6916,3.8615179760319585,0,0.2666666666666595,0.13333333333334085,1420,1,3,75
2018-07-12,15.48,15,15.04,15,5425,-0.7692307692307665,0,0,-0.13315579227696217,-21.55870445344129,1,3,75
2018-07-11,15.52,15.5,15.52,15.52,316,0.2583979328165231,3.3333333333333437,3.1914893617021267,3.4666666666666623,-94.17511520737327,1,3,75
2018-07-10,16.28,15.5,15.88,15.5,3804,4.89690721649485,0,2.3195876288659933,-0.12886597938144284,1103.7974683544303,1,3,75
2018-07-09,16,15.2,15.52,15.5,3317,-1.7199017199017286,-1.9354838709677469,-2.267002518891692,0,-12.802313354363825,1,3,75
2018-07-06,16.2,15.5,15.5,15.64,1502,1.2499999999999956,1.9736842105263275,-0.12886597938144284,0.903225806451613,-54.71811878203196,1,3,75
2018-07-05,15.62,15.62,15.62,15.62,205,-3.580246913580243,0.774193548387081,0.774193548387081,-0.12787723785167016,-86.35153129161118,1,3,75
2018-07-04,15.7,15.58,15.58,15.58,1624,0.512163892445594,-0.2560819462227859,-0.2560819462227859,-0.2560819462227859,692.1951219512196,1,3,75
2018-07-03,15.6,15.2,15.54,15.2,884,-0.6369426751592355,-2.4390243902439046,-0.25673940949936247,-2.4390243902439046,-45.56650246305419,1,3,75
2018-07-02,16.5,16.22,16.22,16.22,694,5.769230769230771,6.710526315789478,4.375804375804382,6.710526315789478,-21.49321266968326,1,3,75
2018-06-29,16.36,16.02,16.22,16.36,12908,-0.848484848484854,-1.2330456226880337,0,0.8631319358816336,1759.9423631123918,1,3,75
2018-06-28,17.34,15.02,15.98,17.04,5517,5.990220048899753,-6.242197253433213,-1.4796547472256338,4.1564792176039145,-57.25906414626588,1,3,75
2018-06-27,17.38,14.7,16.46,15.1,12715,0.23068050749710522,-2.130492676431428,3.0037546933667114,-11.384976525821589,130.46945803878918,1,3,75
2018-06-26,16,14.5,14.7,16,3002,-7.940161104718058,-1.3605442176870652,-10.69258809234509,5.96026490066226,-76.39009044435706,1,3,75
2018-06-25,16.46,16,16,16.46,618,2.8750000000000053,10.344827586206895,8.843537414965997,2.8750000000000053,-79.41372418387742,1,3,75
2018-06-21,16.5,16,16.46,16,6127,0.2430133657351119,0,2.8750000000000053,-2.7946537059538312,891.4239482200647,1,3,75
2018-06-20,16.16,16,16,16,7576,-2.0606060606060628,0,-2.7946537059538312,0,23.649420597355974,1,3,75
2018-06-19,16.38,15.5,16,16,10933,1.3613861386138515,-3.125,0,0,44.310982048574445,1,3,75
2018-06-18,16.54,16,16,16,24033,0.9768009768009733,3.2258064516129004,0,0,119.8207262416537,1,3,75
2018-06-15,16.96,16,16,16.96,5213,2.539298669891177,0,0,6.000000000000005,-78.30899180293763,1,3,75
2018-06-14,17,16,16.02,17,1412,0.2358490566037652,0,0.12499999999999734,0.2358490566037652,-72.9138691732208,1,3,75
2018-06-13,16.9,15.66,16.9,15.66,422,-0.5882352941176561,-2.124999999999999,5.493133583021215,-7.882352941176474,-70.11331444759207,1,3,75
2018-06-12,16.68,15.64,16.4,15.64,2109,-1.3017751479289852,-0.12771392081736277,-2.9585798816568087,-0.12771392081736277,399.7630331753554,1,3,75
2018-06-11,16.98,15.52,16.72,16.98,2154,1.7985611510791477,-0.7672634271099765,1.9512195121951237,8.56777493606138,2.1337126600284417,1,3,75
2018-06-08,17.3,17.24,17.24,17.24,1145,1.8845700824499323,11.082474226804106,3.1100478468899517,1.5312131919905658,-46.843082636954506,1,3,75
2018-06-07,17.18,16.02,17.18,17.04,130170,-0.6936416184971206,-7.076566125290018,-0.34802784222737193,-1.1600928074245953,11268.558951965064,1,3,75
2018-06-05,17.04,16.02,17.04,16.02,5769,-0.8149010477299212,0,-0.8149010477299212,-5.98591549295775,-95.56810324959667,1,3,75
2018-06-04,17,16,17,17,6572,-0.23474178403755097,-0.12484394506866447,-0.23474178403755097,6.117353308364537,13.9192234356041,1,3,75
2018-06-01,16.76,16.36,16.76,16.36,36331,-1.4117647058823457,2.2499999999999964,-1.4117647058823457,-3.764705882352948,452.81497261107734,1,3,75
2018-05-31,17.36,16.34,16.34,17.1,6075,3.5799522673030992,-0.12224938875304847,-2.505966587112185,4.523227383863082,-83.27874267154772,1,3,75
2018-05-30,17.38,16.62,17.1,17.22,105,0.11520737327188613,1.7135862913096656,4.651162790697683,0.7017543859648923,-98.27160493827161,1,3,75
2018-05-29,17.2,16.6,17.2,17.1,2982,-1.0356731875719172,-0.12033694344163459,0.5847953216374213,-0.696864111498241,2740,1,3,75
2018-05-28,17.94,16.9,17.06,17.94,4377,4.302325581395361,1.8072289156626287,-0.8139534883720989,4.912280701754379,46.78068410462777,1,3,75
2018-05-25,18.4,17.02,17.18,17.02,1746,2.564102564102555,0.7100591715976323,0.703399765533419,-5.128205128205132,-60.109664153529806,1,3,75
2018-05-24,17.8,17.22,17.8,17.8,884,-3.2608695652173836,1.1750881316098694,3.608847497089651,4.582843713278506,-49.36998854524628,1,3,75
2018-05-23,18.84,17.52,17.8,18.5,1196,5.842696629213484,1.7421602787456525,0,3.93258426966292,35.29411764705883,1,3,75
2018-05-22,18.72,17.8,18.48,18.72,2714,-0.6369426751592355,1.598173515981749,3.8202247191011285,1.189189189189177,126.92307692307692,1,3,75
2018-05-21,18.76,17.7,18.76,18.46,9874,0.21367521367523512,-0.5617977528090012,1.5151515151515138,-1.3888888888888729,263.8172439204127,1,3,75
2018-05-18,18.6,18.1,18.4,18.1,5059,-0.8528784648187626,2.259887005649719,-1.9189765458422325,-1.950162513542797,-48.764431841199105,1,3,75
2018-05-17,18.72,18.52,18.56,18.52,11565,0.6451612903225712,2.3204419889502725,0.8695652173912993,2.3204419889502725,128.60249061079264,1,3,75
2018-05-16,18.9,18.52,18.52,18.78,4556,0.9615384615384581,0,-0.21551724137930384,1.403887688984895,-60.60527453523563,1,3,75
2018-05-15,19.18,18.5,18.66,18.5,17337,1.4814814814814836,-0.10799136069113979,0.7559395248380119,-1.4909478168264156,280.531167690957,1,3,75
2018-05-14,18.5,18.1,18.5,18.5,56116,-3.5453597497393075,-2.162162162162151,-0.8574490889603492,0,223.67768356693776,1,3,75
2018-05-11,19.94,17.94,18.5,19.94,13906,7.783783783783793,-0.8839779005524906,0,7.783783783783793,-75.21918882315204,1,3,75
2018-05-09,20.5,19.5,19.98,20.5,3630,2.8084252758274753,8.695652173913038,8.000000000000007,2.8084252758274753,-73.89615993096506,1,3,75
2018-05-08,19.88,19.6,19.88,19.88,496,-3.0243902439024417,0.512820512820511,-0.5005005005005114,-3.0243902439024417,-86.33608815426997,1,3,75
2018-05-07,20.8,19.52,20.45,19.52,11996,4.627766599597605,-0.40816326530612734,2.867203219315906,-1.810865191146882,2318.548387096774,1,3,75
2018-05-04,20.4,19.74,20.4,20,72499,-1.9230769230769384,1.127049180327866,-0.24449877750611915,2.4590163934426146,504.35978659553183,1,3,75
2018-05-03,20.9,19.72,20.05,20.8,10484,2.450980392156854,-0.10131712259371373,-1.7156862745097978,4.0000000000000036,-85.53911088428806,1,3,75
2018-05-02,20.75,18.48,20.75,18.48,20998,-0.7177033492822948,-6.288032454361048,3.4912718204488824,-11.153846153846159,100.28615032430368,1,3,75
2018-04-30,18.8,18.3,18.4,18.3,416,-9.397590361445785,-0.9740259740259716,-11.325301204819283,-0.9740259740259716,-98.01885893894656,1,3,75
2018-04-27,19.18,18.18,18.2,19,7830,2.02127659574467,-0.6557377049180357,-1.0869565217391242,3.825136612021862,1782.2115384615383,1,3,75
2018-04-26,18.8,16.3,18.8,17.2,21069,-1.9812304483837306,-10.34103410341034,3.296703296703307,-9.473684210526322,169.08045977011494,1,3,75
2018-04-25,17.38,17.1,17.18,17.12,12703,-7.55319148936171,4.907975460122693,-8.617021276595748,-0.46511627906975495,-39.707627319758885,1,3,75
2018-04-24,17.1,16.3,17.1,16.3,11763,-1.6110471806674243,-4.678362573099415,-0.4656577415599439,-4.789719626168221,-7.399826812563958,1,3,75
2018-04-23,17.02,16.2,16.28,17.02,26030,-0.4678362573099504,-0.613496932515345,-4.7953216374268965,4.417177914110426,121.287086627561,1,3,75
2018-04-20,17.4,17.02,17.02,17.4,20118,2.232667450058745,5.0617283950617376,4.545454545454541,2.232667450058745,-22.712255090280443,1,3,75
2018-04-19,17.9,17.2,17.38,17.22,3835,2.8735632183908066,1.0575793184488758,2.1151586368977737,-1.0344827586206917,-80.93746893329356,1,3,75
2018-04-18,18.58,16.5,17.1,18.56,2342,3.798882681564253,-4.069767441860462,-1.6110471806674243,7.781649245063882,-38.93089960886571,1,3,75
2018-04-17,19.04,18.12,18.54,18.92,10742,2.4757804090419944,9.818181818181815,8.42105263157893,1.9396551724138122,358.66780529461994,1,3,75
2018-04-16,19.38,18.56,18.9,18.56,19677,1.7857142857142794,2.428256070640167,1.9417475728155331,-1.9027484143763318,83.17817911003537,1,3,75
2018-04-13,18.82,17.62,18.5,17.74,32958,-2.8895768833849256,-5.064655172413779,-2.116402116402105,-4.418103448275867,67.49504497636836,1,3,75
2018-04-12,17.56,16.5,17.56,16.62,25699,-6.695005313496294,-6.3564131668558455,-5.081081081081084,-6.313416009019157,-22.025001517082345,1,3,75
2018-04-11,16.82,16.54,16.6,16.58,6933,-4.214123006833703,0.24242424242424399,-5.46697038724372,-0.2406738868832914,-73.02229658741585,1,3,75
2018-04-10,17,15.58,16.58,15.58,11906,1.0701545778834642,-5.8041112454655375,-0.1204819277108582,-6.031363088057895,71.72941006779172,1,3,75
2018-04-09,15.6,15.42,15.6,15.42,8164,-8.235294117647063,-1.0269576379974388,-5.910735826296731,-1.0269576379974388,-31.42953132874181,1,3,75
2018-04-06,15.48,15.22,15.4,15.3,388,-0.7692307692307665,-1.2970168612191912,-1.2820512820512775,-0.7782101167315147,-95.24742773150416,1,3,75
2018-04-05,15.86,15.1,15.3,15.86,2214,2.454780361757103,-0.7884362680683377,-0.649350649350644,3.6601307189542354,470.61855670103097,1,3,75
2018-04-04,16,15.02,15.86,15.4,7395,0.8827238335435084,-0.5298013245033095,3.6601307189542354,-2.9003783102143688,234.01084010840108,1,3,75
2018-04-03,15,14.42,15,14.5,19507,-6.25,-3.9946737683089206,-5.422446406052961,-5.844155844155852,163.78634212305613,1,3,75
2018-03-29,15,14.2,14.5,14.2,6689,0,-1.5256588072122046,-3.3333333333333326,-2.0689655172413834,-65.70974521966473,1,3,75
2018-03-28,15.4,14.82,14.84,15.32,13185,2.6666666666666616,4.366197183098608,2.344827586206888,7.8873239436619835,97.11466586933773,1,3,75
2018-03-27,15.32,14.1,15.32,14.9,13527,-0.5194805194805197,-4.858299595141702,3.234501347708907,-2.741514360313313,2.5938566552901055,1,3,75
2018-03-26,14.7,14.22,14.68,14.22,7494,-4.046997389033946,0.8510638297872353,-4.177545691906004,-4.563758389261741,-44.59968950986916,1,3,75
2018-03-23,15.18,14.02,14.14,15.18,8879,3.2653061224489743,-1.406469760900153,-3.67847411444141,6.751054852320659,18.48145182812917,1,3,75
2018-03-22,15.3,14.52,15.18,15.3,3645,0.7905138339921125,3.566333808844502,7.3550212164073425,0.7905138339921125,-58.94807973870931,1,3,75
2018-03-21,15.86,14.5,15.12,15.84,14607,3.6601307189542354,-0.13774104683195176,-0.39525691699605625,3.52941176470587,300.7407407407407,1,3,75
2018-03-20,16.98,15.7,15.8,16.98,10094,7.061790668348045,8.275862068965512,4.497354497354511,7.196969696969702,-30.89614568357637,1,3,75
2018-03-19,17.22,16.98,16.98,17.22,5231,1.4134275618374437,8.152866242038215,7.468354430379742,1.4134275618374437,-48.17713493164256,1,3,75
2018-03-16,17.6,16.98,17.22,17.6,3669,2.2067363530778206,0,1.4134275618374437,2.2067363530778206,-29.860447333205887,1,3,75
2018-03-15,17.58,17.52,17.58,17.52,1246,-0.11363636363638241,3.180212014134276,2.0905923344947785,-0.454545454545463,-66.03979285908967,1,3,75
2018-03-14,17.56,17.48,17.52,17.56,5045,-0.11376564277587597,-0.22831050228310223,-0.341296928327639,0.22831050228309113,304.8956661316212,1,3,75
2018-03-13,17.9,17.56,17.78,17.9,3198,1.9362186788154823,0.4576659038901587,1.4840182648401923,1.9362186788154823,-36.610505450941524,1,3,75
2018-03-12,18.24,17.86,17.86,18,17832,1.8994413407821265,1.7084282460136713,0.4499437570303577,0.5586592178770999,457.5984990619137,1,3,75
2018-03-09,18.12,17.8,17.98,18.1,17407,-0.6578947368420907,-0.33594624860021627,0.6718924972004547,0.5555555555555536,-2.3833557649170056,1,3,75
2018-03-08,18.28,18.1,18.1,18.1,7710,0.8830022075055233,1.6853932584269593,0.6674082313681939,0,-55.70747400471075,1,3,75
2018-03-07,19.9,18,18.04,18,11915,8.86214442013127,-0.5524861878453136,-0.33149171270719924,-0.5524861878453136,54.53955901426719,1,3,75
2018-03-06,17.68,17.5,17.68,17.58,5957,-11.155778894472357,-2.777777777777779,-1.9955654101995512,-2.333333333333343,-50.00419639110365,1,3,75
2018-03-05,18.04,16.98,17.56,17.9,22515,2.036199095022617,-2.9714285714285693,-0.6787330316742168,1.8202502844141044,277.95870404566057,1,3,75
2018-03-02,18.2,17.9,18,18.2,3618,0.8869179600886845,5.418138987043575,2.505694760820054,1.6759776536312998,-83.93071285809461,1,3,75
2018-03-01,18.4,18.16,18.22,18.16,7291,1.098901098901095,1.452513966480451,1.2222222222222134,-0.219780219780219,101.5201768933112,1,3,75
2018-02-28,18.96,18.04,18.16,18.96,8702,3.04347826086957,-0.6607929515418554,-0.3293084522502654,4.405286343612347,19.35262652585379,1,3,75
2018-02-27,22,18.4,18.96,18.5,6523,16.03375527426161,1.9955654101995624,4.405286343612347,-2.426160337552752,-25.040220638933576,1,3,75
2018-02-26,18.62,18.5,18.54,18.62,4433,-15.363636363636356,0.5434782608695787,-2.2151898734177333,0.6486486486486642,-32.04047217537943,1,3,75
2018-02-23,19.08,18.5,19,18.5,7303,2.470461868958096,0,2.481121898597638,-0.6444683136412555,64.74170990300023,1,3,75
2018-02-22,19.1,18.5,19.08,19,13965,0.10482180293502896,0,0.42105263157894424,2.7027027027026973,91.22278515678488,1,3,75
2018-02-21,19.6,19,19,19.5,1301,2.617801047120416,2.7027027027026973,-0.41928721174003813,2.6315789473684292,-90.68385248836377,1,3,75
2018-02-20,19.9,19.26,19.5,19.26,1953,1.5306122448979442,1.3684210526315965,2.6315789473684292,-1.2307692307692242,50.1152959262106,1,3,75
2018-02-19,20.4,19.9,20.4,20.4,3682,2.5125628140703515,3.3229491173416337,4.615384615384599,5.919003115264787,88.5304659498208,1,3,75
2018-02-16,20.5,18.7,20.4,18.7,13421,0.4901960784313708,-6.030150753768837,0,-8.333333333333325,264.5029875067898,1,3,75
2018-02-15,19,18.4,18.7,19,4080,-7.317073170731703,-1.6042780748663166,-8.333333333333325,1.6042780748663166,-69.59988078384622,1,3,75
2018-02-14,18.9,18.2,18.3,18.82,2423,-0.526315789473697,-1.0869565217391242,-2.1390374331550777,-0.9473684210526301,-40.61274509803921,1,3,75
2018-02-13,18.9,18.1,18.88,18.1,888,0,-0.5494505494505364,3.1693989071038153,-3.825717321997868,-63.35121749896822,1,3,75
2018-02-12,19.16,18.78,18.9,18.8,7282,1.3756613756613856,3.7569060773480656,0.10593220338983578,3.8674033149171283,720.0450450450451,1,3,75
2018-02-09,19.1,18.44,18.7,18.68,4171,-0.31315240083507057,-1.8104366347177825,-1.0582010582010581,-0.638297872340432,-42.72177973084318,1,3,75
2018-02-08,19.5,19.1,19.1,19.5,481,2.0942408376963373,3.579175704989157,2.1390374331550888,4.3897216274090045,-88.46799328698154,1,3,75
2018-02-07,19.88,18.52,19.82,18.52,5688,1.9487179487179374,-3.0366492146596924,3.7696335078533982,-5.0256410256410255,1082.5363825363825,1,3,75
2018-02-06,20.2,18.82,20.1,20,9051,1.6096579476861272,1.6198704103671746,1.4127144298688332,7.9913606911447,59.12447257383966,1,3,75
2018-02-05,20.4,18.96,20.2,20.25,25291,0.990099009900991,0.7438894792773709,0.4975124378109319,1.2499999999999956,179.4276875483372,1,3,75
2018-02-02,20.9,20.2,20.25,20.9,9888,2.450980392156854,6.540084388185652,0.24752475247524774,3.2098765432098775,-60.90308805503935,1,3,75
2018-02-01,20.5,20.15,20.3,20.15,3860,-1.9138755980861122,-0.24752475247524774,0.24691358024691024,-3.5885167464114853,-60.96278317152104,1,3,75
2018-01-31,21.2,20.1,20.1,21.1,11833,3.4146341463414664,-0.2481389578163684,-0.9852216748768461,4.714640198511177,206.5544041450777,1,3,75
2018-01-30,21.1,21,21.1,21,1647,-0.4716981132075415,4.477611940298498,4.975124378109452,-0.4739336492891044,-86.08129806473421,1,3,75
2018-01-29,21.1,21,21,21.05,13178,0,0,-0.4739336492891044,0.23809523809523725,700.1214329083181,1,3,75
2018-01-26,21.05,20,21,20,16659,-0.23696682464455776,-4.761904761904767,0,-4.988123515439435,26.41523751707391,1,3,75
2018-01-25,20.65,20,20.35,20.1,40179,-1.9002375296912177,0,-3.0952380952380842,0.5000000000000115,141.18494507473434,1,3,75
2018-01-24,21.95,19.52,19.52,21.95,107098,6.295399515738498,-2.400000000000002,-4.078624078624083,9.203980099502473,166.55217899897957,1,3,75
2018-01-23,23.25,22.3,22.4,22.35,13320,5.9225512528473745,14.241803278688536,14.754098360655732,1.822323462414599,-87.56279295598424,1,3,75
2018-01-22,23.8,22.3,22.3,23.8,15565,2.3655913978494647,0,-0.44642857142855874,6.487695749440703,16.854354354354363,1,3,75
2018-01-19,23.8,23.05,23.05,23.8,3817,0,3.363228699551568,3.363228699551568,0,-75.47703180212014,1,3,75
2018-01-18,23.85,23.3,23.75,23.5,7564,0.21008403361344463,1.0845986984815648,3.0368763557483636,-1.260504201680679,98.16609903065235,1,3,75
2018-01-17,24,23,23.25,23,5212,0.6289308176100628,-1.2875536480686733,-2.1052631578947323,-2.127659574468088,-31.094658910629292,1,3,75
2018-01-16,23.75,23,23.3,23.75,3235,-1.041666666666663,0,0.21505376344086446,3.2608695652173836,-37.931696085955494,1,3,75
2018-01-15,25,23.5,23.75,24.5,16098,5.263157894736836,2.1739130434782705,1.93133047210301,3.157894736842115,397.6197836166924,1,3,75
2018-01-12,25.1,24,24.25,24.3,15517,0.40000000000000036,2.127659574468077,2.1052631578947434,-0.8163265306122436,-3.6091439930426183,1,3,75
2018-01-11,24.5,23.4,24.25,23.5,27577,-2.390438247011961,-2.500000000000002,0,-3.292181069958855,77.7212089965844,1,3,75
2018-01-10,24,22.9,23.45,24,3476,-2.0408163265306145,-2.1367521367521403,-3.298969072164948,2.127659574468077,-87.39529317909852,1,3,75
2018-01-09,24.1,23,23.85,23.05,27532,0.4166666666666652,0.4366812227074357,1.7057569296375252,-3.9583333333333304,692.0598388952819,1,3,75
2018-01-08,23.5,21.7,23,21.7,32762,-2.4896265560165998,-5.6521739130434785,-3.563941299790363,-5.856832971800441,18.99607729187853,1,3,75
2018-01-05,21.7,20.9,21.7,21,13674,-7.659574468085106,-3.686635944700467,-5.6521739130434785,-3.2258064516129004,-58.26262132958916,1,3,75
2018-01-04,21,20.2,20.9,20.2,16244,-3.2258064516129004,-3.349282296650713,-3.686635944700467,-3.809523809523818,18.79479303788212,1,3,75
2018-01-03,20.2,19.54,20.2,20.15,8239,-3.809523809523818,-3.2673267326732702,-3.349282296650713,-0.24752475247524774,-49.27973405565132,1,3,75
2018-01-02,20.25,20,20.15,20,8922,0.24752475247524774,2.3541453428863823,-0.24752475247524774,-0.7444168734491274,8.289841000121378,1,3,75
2017-12-29,20.5,19.5,19.7,20.3,11870,1.2345679012345734,-2.500000000000002,-2.2332506203473934,1.5000000000000124,33.04191885227527,1,3,75
2017-12-28,20.7,19.6,19.8,19.8,7660,0.9756097560975618,0.512820512820511,0.5076142131979822,-2.463054187192115,-35.46756529064869,1,3,75
2017-12-27,20.9,19.6,19.8,20.9,14528,0.9661835748792313,0,0,5.555555555555536,89.66057441253264,1,3,75
2017-12-22,21.5,19,20.9,19.7,21740,2.8708133971292016,-3.0612244897959218,5.555555555555536,-5.741626794258369,49.64207048458149,1,3,75
2017-12-21,19.7,19,19.5,19.5,16879,-8.372093023255822,0,-6.698564593301426,-1.015228426395931,-22.359705611775528,1,3,75
2017-12-20,20.7,19.1,19.4,19.4,39262,5.076142131979688,0.5263157894736858,-0.5128205128205221,-0.5128205128205221,132.6085668582262,1,3,75
2017-12-19,21.1,19.1,20,20,52532,1.9323671497584627,0,3.0927835051546504,3.0927835051546504,33.79858387244663,1,3,75
2017-12-18,21.9,19,20.2,21.9,105157,3.791469194312791,-0.5235602094240899,1.0000000000000009,9.499999999999996,100.17703495012564,1,3,75
2017-12-15,23.1,21.7,22,23.1,37177,5.4794520547945424,14.210526315789473,8.910891089108919,5.4794520547945424,-64.64619568835171,1,3,75
2017-12-14,24,23.1,23.8,23.5,25986,3.8961038961038863,6.451612903225823,8.18181818181818,1.7316017316017174,-30.101944750786778,1,3,75
2017-12-13,24.1,23.5,23.6,24,7319,0.4166666666666652,1.7316017316017174,-0.8403361344537785,2.127659574468077,-71.83483414146079,1,3,75
2017-12-12,24.5,24.1,24.2,24.5,9674,1.6597510373443924,2.553191489361706,2.5423728813559254,2.083333333333326,32.17652684793004,1,3,75
2017-12-11,25.1,24.2,24.5,25.1,10601,2.448979591836742,0.4149377593360981,1.2396694214876103,2.448979591836742,9.582385776307634,1,3,75
2017-12-08,25.7,25.1,25.1,25.1,6623,2.39043824701195,3.7190082644628086,2.448979591836742,0,-37.524761814923124,1,3,75
2017-12-07,26.5,24.5,25.1,26,6071,3.112840466926081,-2.390438247011961,0,3.585657370517925,-8.334591574815043,1,3,75
2017-12-06,27.7,26,26,27.1,16679,4.528301886792452,6.1224489795918435,3.585657370517925,4.230769230769238,174.7323340471092,1,3,75
2017-12-05,27.2,26,26.6,26.3,15061,-1.8050541516245522,0,2.3076923076923217,-2.9520295202952074,-9.70082139216979,1,3,75
2017-12-04,30,26.3,27,27,31134,10.294117647058831,1.1538461538461497,1.5037593984962294,2.6615969581748944,106.7193413451962,1,3,75
2017-12-01,27,24.3,27,24.5,26386,-9.999999999999998,-7.604562737642584,0,-9.259259259259256,-15.250208774972695,1,3,75
2017-11-30,25.4,24,24.1,25,21247,-5.9259259259259345,-1.2345679012345734,-10.74074074074074,2.0408163265306145,-19.476237398620476,1,3,75
2017-11-29,24.2,23.4,24.2,23.4,28024,-4.7244094488189,-2.500000000000002,0.4149377593360981,-6.400000000000006,31.896267708382364,1,3,75
2017-11-28,23.5,22.6,23.4,23.4,14905,-2.892561983471076,-3.4188034188034067,-3.3057851239669422,0,-46.81344561804168,1,3,75
2017-11-27,24.2,22.7,23.4,24,37493,2.9787234042553123,0.4424778761061843,0,2.564102564102577,151.5464609191546,1,3,75
2017-11-24,24.8,23.2,23.4,24.2,14982,2.4793388429752206,2.2026431718061623,0,0.8333333333333304,-60.040540900968175,1,3,75
2017-11-23,24.4,23,24.2,24,18015,-1.6129032258064613,-0.8620689655172376,3.418803418803429,-0.8264462809917328,20.244293151782134,1,3,75
2017-11-22,25.2,24,24.4,25,40769,3.2786885245901676,4.347826086956519,0.8264462809917328,4.166666666666674,126.30585623091868,1,3,75
2017-11-21,26.5,25.5,25.9,26.5,12647,5.158730158730163,6.25,6.1475409836065475,6.000000000000005,-68.97888101253403,1,3,75
2017-11-20,27.1,26.6,26.6,26.9,7923,2.264150943396226,4.313725490196085,2.7027027027027195,1.5094339622641506,-37.35273187317151,1,3,75
2017-11-17,27.7,27.2,27.2,27.5,35146,2.2140221402213944,2.2556390977443552,2.2556390977443552,2.230483271375472,343.5945980058059,1,3,75
2017-11-16,29,27.5,27.5,28.3,32469,4.693140794223827,1.1029411764705843,1.1029411764705843,2.9090909090909056,-7.616798497695331,1,3,75
2017-11-15,32,27.2,28.3,32,46326,10.344827586206895,-1.090909090909098,2.9090909090909056,13.07420494699647,42.677630971080106,1,3,75
2017-11-14,32.2,30,31,32.2,5963,0.6250000000000089,10.294117647058831,9.540636042402827,0.6250000000000089,-87.12817856063549,1,3,75
2017-11-13,33.5,32,32.5,32,5482,4.0372670807453215,6.666666666666665,4.8387096774193505,-0.6211180124223725,-8.06640952540667,1,3,75
2017-11-10,34,32.9,33.5,33.2,3716,1.4925373134328401,2.8124999999999956,3.076923076923066,3.750000000000009,-32.214520248084646,1,3,75
2017-11-09,34.8,33.1,33.2,34.6,6632,2.35294117647058,0.6079027355623268,-0.8955223880596885,4.216867469879504,78.47147470398276,1,3,75
2017-11-08,35.6,33.8,34.6,35.1,10963,2.298850574712663,2.114803625377637,4.216867469879504,1.4450867052023142,65.30458383594693,1,3,75
2017-11-07,37.2,35.2,35.5,36.8,41998,4.494382022471921,4.142011834319548,2.6011560693641522,4.843304843304841,283.08857064672077,1,3,75
2017-11-06,37.2,36.6,36.8,37,9370,0,3.9772727272727293,3.6619718309859106,0.5434782608695787,-77.68941378160865,1,3,75
2017-11-03,38.2,37.5,37.6,38.2,4138,2.6881720430107503,2.4590163934426146,2.1739130434782705,3.2432432432432545,-55.83778014941302,1,3,75
2017-11-02,39.6,37.5,38.2,39.6,25747,3.6649214659685736,0,1.5957446808510634,3.6649214659685736,522.2087965200581,1,3,75
2017-11-01,39.9,38.3,39.3,38.3,28037,0.7575757575757569,2.1333333333333204,2.8795811518324443,-3.2828282828282984,8.89424010564337,1,3,75
2017-10-31,38.8,38.3,38.5,38.8,26209,-2.7568922305764465,0,-2.035623409669207,1.305483028720622,-6.519955772728892,1,3,75
2017-10-30,40,37.4,38.9,37.8,9498,3.0927835051546504,-2.3498694516971286,1.0389610389610393,-2.577319587628868,-63.7605402724255,1,3,75
2017-10-27,37.6,36.3,37.5,36.3,27233,-5.999999999999995,-2.941176470588236,-3.5989717223650297,-3.9682539682539653,186.72352074120866,1,3,75
2017-10-26,37.8,35.9,36.8,37.8,38566,0.5319148936170137,-1.1019283746556474,-1.866666666666672,4.132231404958686,41.614952447398366,1,3,75
2017-10-25,37.8,35,37.8,36.2,34233,0,-2.506963788300831,2.717391304347827,-4.232804232804222,-11.235284966032255,1,3,75
2017-10-24,37.9,36.6,37.7,37.7,26399,0.2645502645502784,4.571428571428582,-0.2645502645502451,4.143646408839774,-22.884351356877865,1,3,75
2017-10-23,38.6,37.3,38.4,37.3,9316,1.8469656992084582,1.91256830601092,1.856763925729421,-1.061007957559701,-64.71078449941285,1,3,75
2017-10-20,38.7,37,38.1,37,8422,0.2590673575129543,-0.8042895442359144,-0.7812499999999889,-0.8042895442359144,-9.596393301846284,1,3,75
2017-10-19,39.5,37.4,37.6,38.8,15144,2.067183462532296,1.08108108108107,-1.3123359580052507,4.86486486486486,79.81477083828071,1,3,75
2017-10-18,39.7,35.7,38.1,37.3,32408,0.5063291139240533,-4.545454545454531,1.3297872340425565,-3.8659793814432963,113.99894347596407,1,3,75
2017-10-17,37.1,35,37,36.1,42877,-6.549118387909325,-1.9607843137254943,-2.887139107611547,-3.2171581769436908,32.30375215996051,1,3,75
2017-10-16,37,35.5,36.2,36.8,17671,-0.26954177897574594,1.4285714285714235,-2.162162162162151,1.9390581717451338,-58.78676213354479,1,3,75
2017-10-13,35.8,34.9,35.4,35,113593,-3.2432432432432545,-1.6901408450704314,-2.209944751381232,-4.891304347826075,542.8215720672288,1,3,75
2017-10-12,36.9,33.9,34.9,34,56113,3.0726256983240274,-2.865329512893988,-1.412429378531077,-2.857142857142858,-50.60170961238808,1,3,75
2017-10-11,35.6,34.5,35.6,34.9,37973,-3.5230352303523005,1.7699115044247815,2.005730659025806,2.6470588235294024,-32.32762461461694,1,3,75
2017-10-10,37,34.4,34.9,36,25362,3.93258426966292,-0.28985507246377384,-1.966292134831471,3.151862464183375,-33.21043899612883,1,3,75
2017-10-09,37.4,36.4,36.4,37.4,13307,1.08108108108107,5.813953488372103,4.297994269340966,3.888888888888875,-47.53174039902216,1,3,75
2017-10-06,38,37.3,37.4,38,8372,1.6042780748663166,2.4725274725274637,2.7472527472527375,1.6042780748663166,-37.08574434508154,1,3,75
2017-10-05,38.5,37.7,37.7,38.2,36275,1.3157894736842035,1.0723860589812562,0.8021390374331583,0.5263157894736858,333.2895365504061,1,3,75
2017-10-04,40,38,38,39.9,10623,3.8961038961038863,0.7957559681697646,0.7957559681697646,4.450261780104703,-70.71536871123362,1,3,75
2017-10-03,40.1,39.4,39.8,40.1,15520,0.24999999999999467,3.6842105263157787,4.73684210526315,0.5012531328320913,46.09808905205686,1,3,75
2017-10-02,41.7,40,40.1,41.2,35102,3.990024937655856,1.522842639593902,0.7537688442211143,2.7431421446383997,126.17268041237115,1,3,75
2017-09-29,42.4,41,41.1,42.4,17901,1.6786570743405171,2.499999999999991,2.493765586034913,2.9126213592232997,-49.00290581733234,1,3,75
2017-09-28,43.2,42.2,42.2,43.2,4480,1.8867924528301883,2.9268292682926855,2.676399026763998,1.8867924528301883,-74.9734651695436,1,3,75
2017-09-27,43.3,42.8,43.2,43.3,1969,0.23148148148146586,1.42180094786728,2.369668246445489,0.23148148148146586,-56.04910714285714,1,3,75
2017-09-26,43.4,42.3,43.2,43,5706,0.23094688221709792,-1.1682242990654235,0,-0.6928406466512604,189.79177247333672,1,3,75
2017-09-25,42.3,41.6,42.3,42.3,8550,-2.5345622119815725,-1.6548463356973908,-2.083333333333348,-1.6279069767441978,49.8422712933754,1,3,75
2017-09-22,43.4,42,42.2,43.1,13584,2.6004728132387633,0.9615384615384581,-0.23640661938533203,1.891252955082745,58.87719298245615,1,3,75
2017-09-21,43.5,43,43.1,43,6027,0.23041474654377225,2.3809523809523725,2.1327014218009532,-0.23201856148492572,-55.63162544169611,1,3,75
2017-09-20,43,42,42.7,42.5,4279,-1.1494252873563204,-2.3255813953488413,-0.9280742459396696,-1.1627906976744207,-29.002820640451297,1,3,75
2017-09-19,43,42.2,42.5,42.2,7349,0,0.4761904761904745,-0.4683840749414636,-0.7058823529411673,71.74573498480954,1,3,75
2017-09-18,42.7,41.7,42.5,41.8,4351,-0.6976744186046435,-1.1848341232227444,0,-0.9478672985782088,-40.79466594094434,1,3,75
2017-09-15,43,41.8,41.9,42.8,10735,0.7025761124121788,0.23980815347719453,-1.4117647058823568,2.392344497607657,146.72489082969432,1,3,75
2017-09-14,43.4,42.2,42.8,42.9,5537,0.9302325581395321,0.9569377990430672,2.1479713603818507,0.23364485981309802,-48.421052631578945,1,3,75
2017-09-13,43.3,42.2,43.2,43,2854,-0.23041474654378336,0,0.9345794392523477,0.2331002331002363,-48.45584251399675,1,3,75
2017-09-12,43.1,42.2,43.1,42.6,6077,-0.4618937644341736,0,-0.23148148148148806,-0.9302325581395321,112.92922214435879,1,3,75
2017-09-11,43.8,42.2,42.6,43.8,11454,1.6241299303944245,0,-1.1600928074245953,2.8169014084507005,88.48115846634852,1,3,75
2017-09-08,44.6,43,43.8,44.2,4082,1.82648401826484,1.8957345971563955,2.8169014084507005,0.9132420091324311,-64.3617950061114,1,3,75
2017-09-07,45.6,44.1,44.7,44.2,14511,2.2421524663677195,2.55813953488373,2.0547945205479534,0,255.48750612444883,1,3,75
2017-09-06,45.7,44.3,45.7,44.3,1566,0.21929824561404132,0.45351473922901064,2.237136465324374,0.2262443438913797,-89.20818689270209,1,3,75
2017-09-05,46,45.2,45.6,45.2,5590,0.6564551422319376,2.031602708803626,-0.2188183807439903,2.031602708803626,256.9604086845466,1,3,75
2017-09-04,47,43.5,46,43.6,16433,2.1739130434782705,-3.7610619469026663,0.8771929824561431,-3.539823008849563,193.97137745974956,1,3,75
2017-09-01,44.5,42.5,43.6,44.5,16715,-5.319148936170215,-2.298850574712641,-5.217391304347818,2.064220183486243,1.7160591492727972,1,3,75
2017-08-31,45,44,44,45,30100,1.1235955056179803,3.529411764705892,0.917431192660545,1.1235955056179803,80.07777445408315,1,3,75
2017-08-30,46.1,45,45,45,5079,2.444444444444449,2.2727272727272707,2.2727272727272707,0,-83.12624584717608,1,3,75
2017-08-29,49.2,45.2,46.3,47.3,18164,6.724511930585697,0.4444444444444473,2.888888888888874,5.111111111111111,257.6294546170506,1,3,75
2017-08-28,50,44.3,47.3,44.3,25865,1.6260162601625883,-1.9911504424778848,2.1598272138228847,-6.342494714587743,42.39704910812596,1,3,75
2017-08-25,45.6,43.2,44.3,45,17194,-8.799999999999997,-2.483069977426622,-6.342494714587743,1.5801354401805856,-33.5240672723758,1,3,75
2017-08-24,46,45.1,45.8,45.9,3231,0.8771929824561431,4.39814814814814,3.3860045146726803,2.0000000000000018,-81.20856112597417,1,3,75
2017-08-23,47.3,45.8,45.8,47,6151,2.826086956521734,1.552106430155198,0,2.3965141612200425,90.37449705973384,1,3,75
2017-08-22,47.8,47.1,47.1,47.7,5335,1.0570824524312794,2.8384279475982543,2.8384279475982543,1.4893617021276562,-13.266135587709316,1,3,75
2017-08-21,48.6,47.2,48.6,47.3,5317,1.673640167364021,0.2123142250530785,3.1847133757961776,-0.8385744234800985,-0.33739456419868974,1,3,75
2017-08-18,48.9,46.1,48.6,48.9,9647,0.6172839506172867,-2.330508474576276,0,3.3826638477801207,81.43690050780515,1,3,75
2017-08-17,50.25,46,49,50.25,27354,2.7607361963190247,-0.2169197396963196,0.8230452674897082,2.7607361963190247,183.5492899346947,1,3,75
2017-08-16,51,50,50.5,51,3323,1.4925373134328401,8.695652173913038,3.0612244897959107,1.4925373134328401,-87.85186809972947,1,3,75
2017-08-15,51.75,51,51,51,836,1.4705882352941124,2.0000000000000018,0.990099009900991,0,-74.84201023171832,1,3,75
2017-08-14,51.5,50.5,51.5,50.5,2870,-0.48309178743961567,-0.9803921568627416,0.9803921568627416,-0.9803921568627416,243.30143540669854,1,3,75
2017-08-11,52,50.75,50.75,52,675,0.9708737864077666,0.4950495049504955,-1.4563106796116498,2.970297029702973,-76.4808362369338,1,3,75
2017-08-10,52,51,51,51.25,1562,0,0.49261083743843415,0.49261083743843415,-1.4423076923076872,131.40740740740742,1,3,75
2017-08-09,52.75,51,51.5,52.75,1461,1.4423076923076872,0,0.9803921568627416,2.9268292682926855,-6.466069142125486,1,3,75
2017-08-08,52.25,51,51,52.25,1135,-0.9478672985781977,0,-0.9708737864077666,-0.9478672985781977,-22.313483915126632,1,3,75
2017-08-07,53,51,52.5,51,6109,1.4354066985645897,0,2.941176470588225,-2.392344497607657,438.2378854625551,1,3,75
2017-08-04,50.25,50.25,50.25,50.25,501,-5.188679245283023,-1.4705882352941124,-4.285714285714281,-1.4705882352941124,-91.798985103945,1,3,75
2017-08-03,50.5,49.6,50,50,5940,0.4975124378109541,-1.2935323383084563,-0.497512437810943,-0.497512437810943,1085.62874251497,1,3,75
2017-08-02,50.25,49.5,49.5,49.8,3305,-0.4950495049504955,-0.20161290322581182,-1.0000000000000009,-0.40000000000000036,-44.360269360269356,1,3,75
2017-08-01,50.75,49.4,49.9,50,5977,0.995024875621886,-0.20202020202020332,0.8080808080808133,0.40160642570281624,80.84720121028744,1,3,75
2017-07-31,50.75,49.5,50,50.75,922,0,0.2024291497975783,0.20040080160321772,1.4999999999999902,-84.5742011042329,1,3,75
2017-07-28,50.75,50,50.75,50,1945,0,1.0101010101010166,1.4999999999999902,-1.4778325123152691,110.95444685466376,1,3,75
2017-07-27,51.75,50.5,50.5,51.75,1667,1.9704433497536922,1.0000000000000009,-0.49261083743842304,3.499999999999992,-14.293059125964014,1,3,75
2017-07-26,51,50,50,51,4066,-1.449275362318836,-0.990099009900991,-0.990099009900991,-1.449275362318836,143.91121775644874,1,3,75
2017-07-25,51,50,50.5,51,2678,0,0,1.0000000000000009,0,-34.13674372848008,1,3,75
2017-07-24,52.5,50.5,51,52.5,15302,2.941176470588225,1.0000000000000009,0.990099009900991,2.941176470588225,471.3965646004481,1,3,75
2017-07-21,53,52,52.5,52.25,3864,0.952380952380949,2.970297029702973,2.941176470588225,-0.4761904761904745,-74.7483989021043,1,3,75
2017-07-20,53,52,52,52,2776,0,0,-0.952380952380949,-0.4784688995215336,-28.157349896480333,1,3,75
2017-07-19,53,52,53,52,4920,0,0,1.9230769230769162,0,77.23342939481267,1,3,75
2017-07-18,53,52,52.25,53,4626,0,0,-1.4150943396226467,1.9230769230769162,-5.975609756097566,1,3,75
2017-07-17,53,52,53,52,5570,0,0,1.4354066985645897,-1.8867924528301883,20.406398616515343,1,3,75
2017-07-14,52.25,52,52,52,2144,-1.4150943396226467,0,-1.8867924528301883,0,-61.508078994614,1,3,75
2017-07-13,52.5,50.5,52,52.25,9972,0.4784688995215225,-2.8846153846153855,0,0.48076923076922906,365.1119402985074,1,3,75
2017-07-12,54,52,52.25,52.25,8203,2.857142857142847,2.970297029702973,0.48076923076922906,0,-17.739671079021257,1,3,75
2017-07-11,54.5,52,52.25,53.75,6438,0.92592592592593,0,0,2.8708133971291794,-21.516518346946235,1,3,75
2017-07-10,54,52,53.75,52.25,11694,-0.917431192660545,0,2.8708133971291794,-2.7906976744186074,81.64026095060576,1,3,75
2017-07-07,53.25,52,52,53.25,2684,-1.388888888888884,0,-3.2558139534883734,1.9138755980861344,-77.04805883358988,1,3,75
2017-07-06,53.5,52,53.25,52.75,7964,0.46948356807512415,0,2.4038461538461453,-0.9389671361502372,196.72131147540983,1,3,75
2017-07-05,52.75,52,52.75,52.5,8235,-1.4018691588784993,0,-0.9389671361502372,-0.4739336492891044,3.4028126569563,1,3,75
2017-07-04,52.5,52,52.5,52,6390,-0.4739336492891044,0,-0.4739336492891044,-0.952380952380949,-22.404371584699454,1,3,75
2017-07-03,53,52,52.25,53,4141,0.952380952380949,0,-0.4761904761904745,1.9230769230769162,-35.19561815336463,1,3,75
2017-06-30,52.75,52,52,52.25,5768,-0.4716981132075526,0,-0.4784688995215336,-1.4150943396226467,39.29002656363196,1,3,75
2017-06-29,53.5,52,52,52.5,6117,1.4218009478673022,0,0,0.4784688995215225,6.050624133148408,1,3,75
2017-06-28,53.75,51,52.25,51,12968,0.4672897196261738,-1.9230769230769273,0.48076923076922906,-2.857142857142858,111.99934608468203,1,3,75
2017-06-27,53,51,51,53,12404,-1.3953488372092981,0,-2.392344497607657,3.9215686274509887,-4.349167180752622,1,3,75
2017-06-26,52.75,51.5,52.75,51.5,5682,-0.4716981132075526,0.9803921568627416,3.431372549019618,-2.8301886792452824,-54.192196065785225,1,3,75
2017-06-23,51.5,51.5,51.5,51.5,0,-2.3696682464455,0,-2.3696682464455,0,-100,1,3,75
2017-06-22,52.25,51.5,51.5,51.75,3257,1.4563106796116498,0,0,0.4854368932038833,Infinity,1,3,75
2017-06-21,52.75,51,52.25,51.5,24250,0.9569377990430672,-0.9708737864077666,1.4563106796116498,-0.48309178743961567,644.5501995701566,1,3,75
2017-06-20,52.25,50,52,50,49957,-0.9478672985781977,-1.9607843137254943,-0.4784688995215336,-2.9126213592232997,106.0082474226804,1,3,75
2017-06-19,48.9,48.3,48.3,48.5,11268,-6.411483253588523,-3.400000000000003,-7.115384615384624,-3.0000000000000027,-77.44460235802791,1,3,75
2017-06-16,49,48,48.3,48.8,9929,0.2044989775051187,-0.6211180124223503,0,0.6185567010309256,-11.883209087681934,1,3,75
2017-06-15,50,48.6,48.7,50,8555,2.0408163265306145,1.2499999999999956,0.8281573498964967,2.459016393442637,-13.838251586262462,1,3,75
2017-06-14,51,50,50,51,260055,2.0000000000000018,2.8806584362139898,2.6694045174537884,2.0000000000000018,2939.801285797779,1,3,75
2017-06-13,53,49.2,51.75,50,14483,3.9215686274509887,-1.5999999999999903,3.499999999999992,-1.9607843137254943,-94.43079348599335,1,3,75
2017-06-12,52.25,50.5,50.75,51,13343,-1.4150943396226467,2.6422764227642226,-1.9323671497584516,2.0000000000000018,-7.871297383138853,1,3,75
2017-06-09,51.75,51,51.5,51.75,5992,-0.9569377990430672,0.990099009900991,1.4778325123152802,1.4705882352941124,-55.092557895525744,1,3,75
2017-06-08,53,51.75,51.75,52.5,15077,2.4154589371980784,1.4705882352941124,0.4854368932038833,1.449275362318847,151.6188251001335,1,3,75
2017-06-07,55,52,52.5,55,14553,3.7735849056603765,0.48309178743961567,1.449275362318847,4.761904761904767,-3.475492471977182,1,3,75
2017-06-06,54.75,54.75,54.75,54.75,0,-0.4545454545454519,5.288461538461542,4.285714285714293,-0.4545454545454519,-100,1,3,75
2017-06-05,55.25,53.75,54.75,54.25,7597,0.9132420091324311,-1.82648401826484,0,-0.91324200913242,Infinity,1,3,75
2017-06-02,55,53.5,54.25,54.5,131898,-0.4524886877828038,-0.46511627906976605,-0.91324200913242,0.4608294930875667,1636.185336316967,1,3,75
2017-06-01,56,54.25,54.25,56,6711,1.8181818181818077,1.4018691588784993,0,2.752293577981657,-94.9119774371105,1,3,75
2017-05-31,56.5,54.5,56,55,515318,0.8928571428571397,0.4608294930875667,3.2258064516129004,-1.7857142857142905,7578.706601102666,1,3,75
2017-05-30,56,54.75,55.5,56,20640,-0.8849557522123908,0.4587155963302836,-0.8928571428571397,1.8181818181818077,-95.99470618142584,1,3,75
2017-05-29,56.75,54.25,56,55.5,5921,1.3392857142857206,-0.91324200913242,0.9009009009008917,-0.8928571428571397,-71.31298449612403,1,3,75
2017-05-26,57,55.5,55.5,57,5543,0.4405286343612369,2.304147465437789,-0.8928571428571397,2.7027027027026973,-6.384056747171085,1,3,75
2017-05-24,57,56,57,56,3555,0,0.9009009009008917,2.7027027027026973,-1.7543859649122862,-35.865055024355044,1,3,75
2017-05-23,57.5,56.5,56.75,57,87872,0.8771929824561431,0.8928571428571397,-0.43859649122807154,1.7857142857142794,2371.7862165963434,1,3,75
2017-05-22,57.5,56.75,57.25,57.5,46814,0,0.4424778761061843,0.8810572687224738,0.8771929824561431,-46.724781500364166,1,3,75
2017-05-19,57,53.5,57,55,12688,-0.8695652173912993,-5.726872246696035,-0.4366812227074246,-4.347826086956519,-72.89699662494125,1,3,75
2017-05-18,55.25,53.75,55,55,22160,-3.0701754385964897,0.4672897196261738,-3.508771929824561,0,74.6532156368222,1,3,75
2017-05-17,57.5,55.25,55.25,57,16242,4.072398190045257,2.7906976744185963,0.454545454545463,3.6363636363636376,-26.7057761732852,1,3,75
2017-05-16,58,57,57,57.5,14976,0.8695652173912993,3.167420814479649,3.167420814479649,0.8771929824561431,-7.794606575544883,1,3,75
2017-05-15,58,57,57.5,57,17442,0,0,0.8771929824561431,-0.8695652173912993,16.466346153846146,1,3,75
2017-05-12,57.75,57,57,57,9475,-0.4310344827586188,0,-0.8695652173912993,0,-45.67710124985667,1,3,75
2017-05-11,57.5,56.75,57.25,57.5,18563,-0.43290043290042934,-0.43859649122807154,0.43859649122806044,0.8771929824561431,95.91556728232189,1,3,75
2017-05-10,57.75,57.25,57.5,57.5,10981,0.43478260869564966,0.8810572687224738,0.4366812227074135,0,-40.84469105209288,1,3,75
2017-05-09,58,57.25,57.5,57.25,43078,0.43290043290042934,0,0,-0.43478260869564966,292.2957836262635,1,3,75
2017-05-08,58,57,58,57.25,44063,0,-0.4366812227074246,0.8695652173912993,0,2.286549979107666,1,3,75
2017-05-05,58,56.5,57.75,58,22483,0,-0.8771929824561431,-0.4310344827586188,1.3100436681222627,-48.97533077638835,1,3,75
2017-05-04,58.5,57.5,58,58.5,34907,0.8620689655172376,1.7699115044247815,0.43290043290042934,0.8620689655172376,55.25952942223014,1,3,75
2017-05-03,58.25,57.5,58,57.5,45395,-0.42735042735042583,0,0,-1.7094017094017144,30.045549603231446,1,3,75
2017-05-02,57.75,56.75,57.5,57,70428,-0.8583690987124415,-1.30434782608696,-0.8620689655172376,-0.8695652173912993,55.14483974005948,1,3,75
2017-05-01,57.5,57.5,57.5,57.5,0,-0.43290043290042934,1.3215859030837107,0,0.8771929824561431,-100,1,3,75
2017-04-28,58,57,57.5,58,65690,0.8695652173912993,-0.8695652173912993,0,0.8695652173912993,Infinity,1,3,75
2017-04-27,57.75,57,57.75,57.25,32091,-0.4310344827586188,0,0.43478260869564966,-1.2931034482758674,-51.147815497031516,1,3,75
2017-04-26,57.75,57,57.5,57,25286,0,0,-0.43290043290042934,-0.4366812227074246,-21.20532236452588,1,3,75
2017-04-25,58.25,57,57,58.25,28770,0.8658008658008587,0,-0.8695652173912993,2.1929824561403466,13.778375385588859,1,3,75
2017-04-24,58.5,57.25,58.25,57.5,130955,0.42918454935623185,0.43859649122806044,2.1929824561403466,-1.2875536480686733,355.17900590893294,1,3,75
2017-04-21,57.75,57,57.75,57.5,36179,-1.2820512820512775,-0.4366812227074246,-0.8583690987124415,0,-72.37295254094917,1,3,75
2017-04-20,58,57.25,57.5,57.5,44861,0.43290043290042934,0.43859649122806044,-0.43290043290042934,0,23.997346526990793,1,3,75
2017-04-19,58,57.75,57.75,57.75,74530,0,0.8733624454148492,0.43478260869564966,0.43478260869564966,66.13539600098082,1,3,75
2017-04-18,58.25,57.5,57.75,58,59378,0.4310344827586299,-0.43290043290042934,0,0.43290043290042934,-20.330068428820613,1,3,75
2017-04-13,58.25,57.75,58,58,31575,0,0.43478260869564966,0.43290043290042934,0,-46.8237394321129,1,3,75
2017-04-12,58.75,57.25,57.75,58.5,193833,0.8583690987124415,-0.8658008658008698,-0.4310344827586188,0.8620689655172376,513.8812351543943,1,3,75
2017-04-11,58.75,57.5,58,58.75,99622,0,0.4366812227074135,0.43290043290042934,0.42735042735042583,-48.60421084129122,1,3,75
2017-04-10,58.75,57.5,58.75,58.5,228848,0,0,1.2931034482758674,-0.42553191489361764,129.716327718777,1,3,75
2017-04-07,58.5,58,58,58.5,102639,-0.42553191489361764,0.8695652173912993,-1.276595744680853,0,-55.149706355310066,1,3,75
2017-04-06,59.75,56.75,58.5,59,1432724,2.136752136752129,-2.155172413793105,0.8620689655172376,0.8547008547008517,1295.8865538440555,1,3,75